{"settings":{"Skybox":["b6a075e6-33e8-4647-8f1b-7e7adaeed60b","16271986-ac59-4494-b58c-b0ed5e2840ab","41207b48-296c-4a80-b9ba-7d2d8b9eb861","5ff5133d-1acb-4325-aea8-7279864f96f3","630312ea-e637-4559-ae10-8ec1ccb13ae7","c75f14a2-4b1c-42ea-8583-3341f191293b"],"User Settings":{"Movement Speed":3,"Enable Flying":true,"User Scale":1,"Swap Joysticks":false},"Acknowledgements":[{"Asset":"Beee ,  bumblebee","Author":"Sketchfab User i.deal3d","License":"CC Attribution","Source URL":"https://sketchfab.com/3d-models/none-816b3d1876434439bb02b6046d51ca32","Preview Image URL":"https://media.sketchfab.com/models/816b3d1876434439bb02b6046d51ca32/thumbnails/1f9b3fc6f40d42408fd754e9f5189856/612b6d8eeba749e4855689930c4354ce.jpeg"},{"Asset":"Ghost","Author":"Sketchfab User Dilan180H","License":"CC Attribution","Source URL":"https://sketchfab.com/3d-models/none-21e290707bd449dc82f987cc622ecaa5","Preview Image URL":"https://media.sketchfab.com/models/21e290707bd449dc82f987cc622ecaa5/thumbnails/62ff763c4fe846b3951ed06671632078/be156cddb7b841e08b6f756d99fe95fa.jpeg"},{"Asset":"Palm Tree tall","Author":"Sketchfab User pizzaguyty","License":"CC Attribution","Source URL":"https://sketchfab.com/3d-models/none-557ea8d4527f47e8bbc657e2764b7cab","Preview Image URL":"https://media.sketchfab.com/models/557ea8d4527f47e8bbc657e2764b7cab/thumbnails/e9cd53e6c13446b4b9a489a0e8ea1de5/537343a0ad8a4337b5097d1ccbadd065.jpeg"},{"Asset":"Palm Tree","Author":"Sketchfab User GreenLineStudio","License":"CC Attribution","Source URL":"https://sketchfab.com/3d-models/none-102cabf0155243e094282c0cd74e79e0","Preview Image URL":"https://media.sketchfab.com/models/102cabf0155243e094282c0cd74e79e0/thumbnails/76f572fabf18492d8b83b81a4d006b18/7a9a2f4d4c344503978a076509a410db.jpeg"},{"Asset":"Stylized Palm Tree","Author":"Sketchfab User KrazzyElf","License":"CC Attribution","Source URL":"https://sketchfab.com/3d-models/none-22c3a3d3fb7146cfa22850fa31390e5d","Preview Image URL":"https://media.sketchfab.com/models/22c3a3d3fb7146cfa22850fa31390e5d/thumbnails/2990d87615cb4a2889d5240a7a71a9b0/4175bbfa92554d2e8acb75149cbe6548.jpeg"},{"Asset":"Low Poly Dock Bridge","Author":"Sketchfab User sicfx","License":"CC Attribution","Source URL":"https://sketchfab.com/3d-models/none-f86c8863925c44b1a41170625cb1161d","Preview Image URL":"https://media.sketchfab.com/models/f86c8863925c44b1a41170625cb1161d/thumbnails/d18d1d082f5945edb5b00e62555c98d7/a9eb189898e149e285a99ebfea9079cd.jpeg"}]},"version":"0.3.0","components":{"d9891de1-914d-4448-9e66-8867211b5dc8":[{"id":"e32eb638-918b-4388-b665-be99e00f5ba5","name":"Grabbable","assetId":"d9891de1-914d-4448-9e66-8867211b5dc8","components":[],"stealable":true}],"a9d2e22f-ddf6-49fe-a420-5fffd5ee69a3":[{"id":"dd21a79d-82e8-4a65-b751-1efad2ab7eb7","name":"Texture Scroll","assetId":"a9d2e22f-ddf6-49fe-a420-5fffd5ee69a3","components":[],"scrollPercent":[1,1],"period":1},{"id":"f0e946ea-0ee2-4491-99bc-8f8366c48b14","name":"Fog Scroll","assetId":"a9d2e22f-ddf6-49fe-a420-5fffd5ee69a3","components":[],"scrollPercent":[2,2],"period":1}]},"custom_assets":{"1b67a2a6-0049-4074-8b37-0c65010909ad":[{"id":"9000bbb5-2d32-4eb9-9120-ea0c308004df","name":"Interactive Games Text","assetId":"1b67a2a6-0049-4074-8b37-0c65010909ad","components":[],"parentId":"dc23454b-9d3c-4c94-b1d2-0448ec28415f","position":[9.36267,1.7,-25.73738],"rotation":[3.14159,-0.89969,3.14159],"scale":[1,1,1],"visualEdit":true,"backgroundColor":0,"backgroundOpacity":1,"borderRadius":0.1,"fontColor":16777215,"fontSize":0.1,"height":1.2,"justifyContent":"center","padding":0.15,"textAlign":"left","pointerText":"We offer a diverse range of interactive games, including Ziprift and Tuktuk Turbo, designed to provide immersive and culturally enriching experiences.","touchScreenText":"We offer a diverse range of interactive games, including Ziprift and Tuktuk Turbo, designed to provide immersive and culturally enriching experiences.","xrText":"We offer a diverse range of interactive games, including Ziprift and Tuktuk Turbo, designed to provide immersive and culturally enriching experiences.","width":2.5},{"id":"be60b373-a2e6-4e5d-9db4-4fdf846062a1","name":"Welcome Kwetuquest Text","assetId":"1b67a2a6-0049-4074-8b37-0c65010909ad","components":[],"parentId":"dc23454b-9d3c-4c94-b1d2-0448ec28415f","position":[-2.10436,1.82742,-3.46614],"rotation":[0,0.29396,0],"scale":[1,1,1],"visualEdit":true,"backgroundColor":0,"backgroundOpacity":1,"borderRadius":0.1,"fontColor":16777215,"fontSize":0.1,"height":1.2,"justifyContent":"center","padding":0.2,"textAlign":"left","pointerText":"Welcome to the Kwetuquest Metaspace! Use WASD or Arrow Keys to move around. Spacebar and Shift to move up/down. To look in a different direction, just click and drag on the screen. You can also zoom in or out to get more of a first person or third person view","touchScreenText":"Welcome to the Kwetuquest Metaspace! Use the joystick in the bottom left to move around. To look in a different direction, just drag your finger across the screen. You can also zoom in or out to get more of a first person or third person view","xrText":"Welcome to the Kwetuquest Metaspace! Use the left joystick to move around. The right joystick will allow you to fly up/down and snap rotate yourself to the left/right","width":2.4},{"id":"9701e5cc-9fad-44ee-9877-cb85f9458bd1","name":"Spacelay Text","assetId":"1b67a2a6-0049-4074-8b37-0c65010909ad","components":[],"parentId":"dc23454b-9d3c-4c94-b1d2-0448ec28415f","position":[36.46675,1.7,-30.91286],"rotation":[0,-1.33522,0],"scale":[1,1,1],"visualEdit":true,"backgroundColor":0,"backgroundOpacity":1,"borderRadius":0.1,"fontColor":16777215,"fontSize":0.1,"height":1.2,"justifyContent":"center","padding":0.15,"textAlign":"left","pointerText":"Spacelay NFT collection comprises of a fleet of 9,999 spacecrafts with special attributes that will unlock functionality and utility to its holders in the game. The unique 2D multiplayer arcade game allows players to explore a virtual space and battle enemies.","touchScreenText":"We offer a diverse range of interactive games, including Ziprift and Tuktuk Turbo, designed to provide immersive and culturally enriching experiences.","xrText":"We offer a diverse range of interactive games, including Ziprift and Tuktuk Turbo, designed to provide immersive and culturally enriching experiences.","width":2.5}],"270aff2d-3706-4b36-bc36-c13c974d819f":[{"id":"4239c6e1-10a8-4f14-abd2-6d93397b8edc","name":"Fallen Tree Text","assetId":"270aff2d-3706-4b36-bc36-c13c974d819f","components":[],"parentId":"dc23454b-9d3c-4c94-b1d2-0448ec28415f","position":[3.66673,1.7,-34.09188],"rotation":[0,0.13253,0],"scale":[1,1,1],"visualEdit":true,"backgroundColor":0,"backgroundOpacity":1,"borderRadius":0.1,"fontColor":16777215,"fontSize":0.1,"height":0.8,"justifyContent":"center","padding":0.1,"text":"Kwetuquest brings Africa's rich heritage to life through immersive, interactive experiences using advanced technology.\" - Tony Kendagor, Founder","textAlign":"left","width":2.6},{"id":"43d4968c-48a5-4ba0-b7f9-2f6b2ec2e1d4","name":"Thank you Text","assetId":"270aff2d-3706-4b36-bc36-c13c974d819f","components":[],"parentId":"dc23454b-9d3c-4c94-b1d2-0448ec28415f","position":[-30.10716,1.5,-105.28041],"rotation":[0,0.30219,0],"scale":[1,1,1],"visualEdit":true,"backgroundColor":0,"backgroundOpacity":1,"borderRadius":0.1,"fontColor":16777215,"fontSize":0.1,"height":0.8,"justifyContent":"center","padding":0.1,"text":"Thank you for visiting our metaspace and exploring the unique experiences we offer!","textAlign":"left","width":2.6}],"b02d649a-b6ec-454b-8e8f-8561f0dadebc":[{"id":"e55d3351-865a-4187-84bb-a6df1d62da2b","name":"Water","assetId":"b02d649a-b6ec-454b-8e8f-8561f0dadebc","components":[],"parentId":"dc23454b-9d3c-4c94-b1d2-0448ec28415f","position":[0,-0.001,0],"rotation":[-1.5707963267948966,0,0],"scale":[1,1,1],"visualEdit":false,"color":62718,"flowDirection":[1,1],"flowSpeed":0.003,"height":1000,"waterScale":10,"width":1000}]},"audios":{},"images":{"ad7b6a19-f89c-4206-938c-ecc513cb7cd5":[{"id":"b8df01a3-f2fc-4547-85c9-af5693f82d3e","name":"Kq Logo.png","assetId":"ad7b6a19-f89c-4206-938c-ecc513cb7cd5","components":[],"parentId":"dc23454b-9d3c-4c94-b1d2-0448ec28415f","position":[1.60299,1.82271,-3.45141],"rotation":[0,-0.20608,0],"scale":[4,4,4],"visualEdit":false,"side":0}],"5f93a05b-c3a9-46c7-a24b-ef72a03fd302":[{"id":"7cc2a52d-ac60-4c02-81f8-ddbb6d33200e","name":"Founder.png","assetId":"5f93a05b-c3a9-46c7-a24b-ef72a03fd302","components":[],"parentId":"dc23454b-9d3c-4c94-b1d2-0448ec28415f","position":[1.79065,1.70619,-33.57681],"rotation":[0,0.44059,0],"scale":[0.8,0.8,0.8],"visualEdit":false,"side":0}],"17d9768b-747a-4eab-a4c9-1b91ba43fdf6":[{"id":"060565f5-cade-4d6b-a187-081719aebe96","name":"Ziprift.png","assetId":"17d9768b-747a-4eab-a4c9-1b91ba43fdf6","components":[],"parentId":"dc23454b-9d3c-4c94-b1d2-0448ec28415f","position":[10.71959,1.69116,-28.24983],"rotation":[-3.14158,-1.27419,-3.14158],"scale":[2.4,2.4,2.4],"visualEdit":false,"side":0}],"b8376914-49cd-46aa-ba9a-b698b0e18652":[{"id":"9e4259d6-aa55-483d-ba37-5c8bca11699d","name":"Tuktuk Turbo.png","assetId":"b8376914-49cd-46aa-ba9a-b698b0e18652","components":[],"parentId":"dc23454b-9d3c-4c94-b1d2-0448ec28415f","position":[7.01098,1.67633,-24.18195],"rotation":[-3.14159,-0.31688,-3.14159],"scale":[2.4,2.4,2.4],"visualEdit":false,"side":0}],"58b91f25-1379-4684-b5c5-44c7b2ec1898":[{"id":"89874068-2301-41de-ae3b-3fd45649336b","name":"Spacelay logo.jpg","assetId":"58b91f25-1379-4684-b5c5-44c7b2ec1898","components":[],"parentId":"dc23454b-9d3c-4c94-b1d2-0448ec28415f","position":[35.27373,1.74148,-33.25087],"rotation":[0,-0.73611,0],"scale":[1.6,1.6,2],"visualEdit":true,"side":0}],"1e7773a1-85d3-4b24-8d43-6cea31a70c94":[{"id":"d92178f2-9cd6-4033-a888-9bbc2095bd4a","name":"gameplay.jpg","assetId":"1e7773a1-85d3-4b24-8d43-6cea31a70c94","components":[],"parentId":"dc23454b-9d3c-4c94-b1d2-0448ec28415f","position":[36.56206,1.75019,-28.20198],"rotation":[-3.14159,-1.28561,-3.14159],"scale":[1.6,1.6,1.6],"visualEdit":true,"side":0}],"07acacf2-5276-4b97-94df-ce3c09b82c42":[{"id":"3d0ea0a1-6250-4575-8446-e98d06682846","name":"Spaceship.png","assetId":"07acacf2-5276-4b97-94df-ce3c09b82c42","components":[],"parentId":"dc23454b-9d3c-4c94-b1d2-0448ec28415f","position":[35.45509,1.74837,-26.41465],"rotation":[3.14127,-0.64222,-3.13921],"scale":[1.6,1.6,1.6],"visualEdit":true,"side":0}]},"lights":{"7605bff2-8ca3-4a47-b6f7-311d745507de":[{"id":"d1600edf-9bb9-46c5-8a38-eae791a15dac","name":"Ambient Light","assetId":"7605bff2-8ca3-4a47-b6f7-311d745507de","components":[],"parentId":"dc23454b-9d3c-4c94-b1d2-0448ec28415f","position":[0,0,0],"rotation":[0,-0.42779395486448446,0],"scale":[1,1,1],"visualEdit":false,"color":16777215,"intensity":1}],"944a6b29-05d2-47d9-9b33-60e7a3e18b7d":[{"id":"5d4ab167-08c8-4768-a1ab-d3697e5c4659","name":"Sun","assetId":"944a6b29-05d2-47d9-9b33-60e7a3e18b7d","components":[],"parentId":"dc23454b-9d3c-4c94-b1d2-0448ec28415f","position":[0,16.56485,498.01639],"rotation":[0,0,0],"scale":[1,1,1],"visualEdit":true,"color":16777215,"intensity":200000,"distance":0,"decay":2},{"id":"87eb2de7-8230-4145-b839-596376825aab","name":"Opposite from sun","assetId":"944a6b29-05d2-47d9-9b33-60e7a3e18b7d","components":[],"parentId":"dc23454b-9d3c-4c94-b1d2-0448ec28415f","position":[0,100,-100],"rotation":[0,0.05423245423076341,0],"scale":[1,1,1],"visualEdit":true,"color":16777215,"intensity":10000,"distance":0,"decay":2}]},"materials":{"a6a1aa81-50a6-4773-aaf5-446d418c9817":[{"id":"4ce5807c-8b55-4e4e-bb27-9f3bd49fdd18","name":"Sand","assetId":"a6a1aa81-50a6-4773-aaf5-446d418c9817","components":[],"opacity":1,"side":0,"transparent":false,"bumpScale":1,"color":16769709,"displacementScale":1,"displacementBias":0,"emissive":0,"emissiveIntensity":1,"envMapIntensity":1,"flatShading":false,"metalness":0,"normalMapType":0,"normalScale":[1,1],"roughness":1,"wireframe":false},{"id":"9903d4a7-fce0-419f-917a-5d17022df4f4","name":"Water Current Material","assetId":"a6a1aa81-50a6-4773-aaf5-446d418c9817","components":[],"opacity":1,"side":2,"transparent":true,"alphaMapId":"b2044c7e-5d80-4726-b42e-b91b5f6786c1","bumpScale":1,"color":12766155,"displacementMapId":"b2044c7e-5d80-4726-b42e-b91b5f6786c1","displacementScale":1,"displacementBias":-0.5,"emissive":0,"emissiveIntensity":1,"envMapIntensity":1,"flatShading":false,"metalness":0,"normalMapType":0,"normalScale":[1,1],"roughness":1,"wireframe":false},{"id":"627706ee-f306-42d4-b20b-7c014d5a8912","name":"Dirt Material","assetId":"a6a1aa81-50a6-4773-aaf5-446d418c9817","components":[],"opacity":1,"side":0,"transparent":false,"bumpScale":1,"color":5513216,"displacementMapId":"94de78a5-8449-46d6-aad1-b891e6cd4822","displacementScale":0.1,"displacementBias":0,"emissive":0,"emissiveIntensity":1,"envMapIntensity":1,"flatShading":false,"mapId":"df794393-3421-49ed-8c6c-4c6b7415a343","metalness":0,"normalMapType":0,"normalScale":[1,1],"roughness":1,"wireframe":false},{"id":"3d91a15e-01e8-4a20-bc02-80133b8b9677","name":"Fog Material","assetId":"a6a1aa81-50a6-4773-aaf5-446d418c9817","components":[],"opacity":1,"side":0,"transparent":true,"alphaMapId":"d55f98ae-9044-43ca-820a-c56c794ef9cc","bumpScale":1,"color":12040119,"displacementMapId":"d55f98ae-9044-43ca-820a-c56c794ef9cc","displacementScale":1,"displacementBias":0,"emissive":0,"emissiveIntensity":1,"envMapIntensity":1,"flatShading":false,"mapId":null,"metalness":0,"normalMapType":0,"normalScale":[1,1],"roughness":1,"wireframe":false}],"943b7a57-7e8f-4717-9bc6-0ba2637d9e3b":[{"id":"d6034922-1586-4b46-a062-c5d38a57b543","name":"Sea Floor","assetId":"943b7a57-7e8f-4717-9bc6-0ba2637d9e3b","components":[],"opacity":1,"side":0,"transparent":false,"color":16773056,"combine":0,"reflectivity":1,"refractionRatio":0.98,"wireframe":false},{"id":"f780aeb7-d93d-41a9-ba37-db6bf7e23c49","name":"Basic Material","assetId":"943b7a57-7e8f-4717-9bc6-0ba2637d9e3b","components":[],"opacity":1,"side":0,"transparent":false,"color":4036976,"combine":0,"reflectivity":1,"refractionRatio":0.98,"wireframe":false},{"id":"c07f6deb-84cb-49c8-9e56-13d25e19da30","name":"Grass Material","assetId":"943b7a57-7e8f-4717-9bc6-0ba2637d9e3b","components":[],"opacity":1,"side":0,"transparent":false,"color":4036976,"combine":0,"mapId":"eb93ba89-4f6d-4786-8efe-25fd6a411eed","reflectivity":1,"refractionRatio":0.98,"wireframe":false}]},"models":{"1b576162-483a-4738-a063-6a7530780a41":[{"id":"c9daa484-c9f7-446d-a82d-2ac0271e3f13","name":"Palm Tree 1","assetId":"1b576162-483a-4738-a063-6a7530780a41","components":[],"parentId":"dc23454b-9d3c-4c94-b1d2-0448ec28415f","position":[-3.67551,0.19416,-7.51395],"rotation":[0,0.04659,0],"scale":[1.61121,1.61121,1.61121],"visualEdit":false},{"id":"a17c070b-183a-4ba4-a562-9f75b758d46c","name":"Fallen Palm Tree","assetId":"1b576162-483a-4738-a063-6a7530780a41","components":[],"parentId":"dc23454b-9d3c-4c94-b1d2-0448ec28415f","position":[-4.23686,-0.71683,-31.86521],"rotation":[3.06249,1.02839,3.13619],"scale":[1.61121,1.61121,1.61121],"visualEdit":true},{"id":"181000ac-989e-47b0-bfed-8ebaeb7b50c3","name":"Small Palm Tree","assetId":"1b576162-483a-4738-a063-6a7530780a41","components":[],"parentId":"dc23454b-9d3c-4c94-b1d2-0448ec28415f","position":[7.37829,0.25397,-33.72202],"rotation":[0,0.04659,0],"scale":[0.76891,0.93774,1.00638],"visualEdit":true},{"id":"35a55fa3-9cc7-4557-8022-626d3fcb0bbc","name":"Back Palm Tree","assetId":"1b576162-483a-4738-a063-6a7530780a41","components":[],"parentId":"dc23454b-9d3c-4c94-b1d2-0448ec28415f","position":[6.65494,0.19416,49.41932],"rotation":[0,0.04659,0],"scale":[1.61121,1.61121,1.61121],"visualEdit":false},{"id":"bf9e7219-8a3e-45d9-a2fc-0dd1d8b97b42","name":"Fallen Palm Tree","assetId":"1b576162-483a-4738-a063-6a7530780a41","components":[],"parentId":"dc23454b-9d3c-4c94-b1d2-0448ec28415f","position":[-1.67722,0.37928,-31.39766],"rotation":[2.85556,1.15153,-2.81355],"scale":[1.61121,1.61121,1.61121],"visualEdit":true},{"id":"d85bb541-68a1-4bd7-93b4-159c62d27bea","name":"Fallen Palm Tree","assetId":"1b576162-483a-4738-a063-6a7530780a41","components":[],"parentId":"dc23454b-9d3c-4c94-b1d2-0448ec28415f","position":[-3.72338,0.32085,-29.737],"rotation":[-2.98895,0.1251,3.00415],"scale":[1.61121,1.61121,1.61121],"visualEdit":true}],"921c16ff-4a50-4b77-914f-583f89c710a0":[{"id":"393bc237-b43d-48be-9580-f8f93facb6f7","name":"Bridge","assetId":"921c16ff-4a50-4b77-914f-583f89c710a0","components":[],"parentId":"dc23454b-9d3c-4c94-b1d2-0448ec28415f","position":[-5.9878,-0.67599,-14.05799],"rotation":[0,0,0],"scale":[0.00394,0.00394,0.00394],"visualEdit":true},{"id":"9fb3a0a4-44b4-483b-a75c-a2b9aa415795","name":"Bridge Extension","assetId":"921c16ff-4a50-4b77-914f-583f89c710a0","components":[],"parentId":"393bc237-b43d-48be-9580-f8f93facb6f7","position":[0,2.842170943040401e-14,-1560.756345177665],"rotation":[0,0,0],"scale":[0.9999999999999999,0.9999999999999999,0.9999999999999999],"visualEdit":false}],"6d4295ca-530b-4926-910a-52d16adf9aa8":[{"id":"6b4c5d90-3cc9-4bbb-a3cd-d5e39b36251a","name":"SAKURA.glb","assetId":"6d4295ca-530b-4926-910a-52d16adf9aa8","components":[],"parentId":"dc23454b-9d3c-4c94-b1d2-0448ec28415f","position":[14.46889,4.9632,-49.78824],"rotation":[0,0.65186,0],"scale":[0.8,0.8,0.8],"visualEdit":true}],"9eab9347-8334-4796-a3e4-860719b4e9d5":[{"id":"8b25fa36-2a5b-48db-a8ef-6e8206222dec","name":"glass+dog+balloon.glb","assetId":"9eab9347-8334-4796-a3e4-860719b4e9d5","components":[],"parentId":"dc23454b-9d3c-4c94-b1d2-0448ec28415f","position":[-28.60259,0.24086,-99.60108],"rotation":[0,0.32593,0],"scale":[10,10,10],"visualEdit":true}]},"shapes":{"936bd538-9cb8-44f5-b21f-6b4a7eccfff4":[{"id":"a50bef2f-2f77-41f8-9367-3bd8e6c8fb4d","name":"Ocean Floor","assetId":"936bd538-9cb8-44f5-b21f-6b4a7eccfff4","components":[],"parentId":"dc23454b-9d3c-4c94-b1d2-0448ec28415f","position":[0,-3,0],"rotation":[-1.5707963267948966,0,0],"scale":[1,1,1],"visualEdit":false,"materialId":"d6034922-1586-4b46-a062-c5d38a57b543","width":1000,"height":1000,"widthSegments":1,"heightSegments":1},{"id":"5a75debd-bb76-4d3c-8a14-ac9f7b20572b","name":"Underwater current","assetId":"936bd538-9cb8-44f5-b21f-6b4a7eccfff4","components":[],"parentId":"dc23454b-9d3c-4c94-b1d2-0448ec28415f","position":[0,-1,0],"rotation":[-1.5707963267948966,0,0],"scale":[1,1,1],"visualEdit":false,"materialId":"9903d4a7-fce0-419f-917a-5d17022df4f4","width":1000,"height":1000,"widthSegments":100,"heightSegments":100}],"423c9506-52f4-4725-b848-69913cce2b00":[{"id":"6bbab316-c8a1-4730-81ed-8190d6723afe","name":"Island 1","assetId":"423c9506-52f4-4725-b848-69913cce2b00","components":[],"parentId":"dc23454b-9d3c-4c94-b1d2-0448ec28415f","position":[0,-59,-4],"rotation":[-0.62223,0.27344,-0.6413],"scale":[595,595,595],"visualEdit":false,"materialId":"4ce5807c-8b55-4e4e-bb27-9f3bd49fdd18","radius":0.1,"widthSegments":32,"heightSegments":16,"phiLength":90,"thetaLength":90},{"id":"833877da-0c6d-40b5-b2e5-6d0f948240e2","name":"Island 2","assetId":"423c9506-52f4-4725-b848-69913cce2b00","components":[],"parentId":"dc23454b-9d3c-4c94-b1d2-0448ec28415f","position":[0,-59,-30],"rotation":[-0.62223,0.27344,-0.6413],"scale":[595,595,595],"visualEdit":false,"materialId":"4ce5807c-8b55-4e4e-bb27-9f3bd49fdd18","radius":0.1,"widthSegments":32,"heightSegments":16,"phiLength":90,"thetaLength":90},{"id":"da8491f9-1cd0-4b34-9131-a0b0e5b1417f","name":"Island 2.5","assetId":"423c9506-52f4-4725-b848-69913cce2b00","components":[],"parentId":"dc23454b-9d3c-4c94-b1d2-0448ec28415f","position":[6,-59,-30],"rotation":[-0.62223,0.27344,-0.6413],"scale":[595,595,595],"visualEdit":false,"materialId":"4ce5807c-8b55-4e4e-bb27-9f3bd49fdd18","radius":0.1,"widthSegments":32,"heightSegments":16,"phiLength":90,"thetaLength":90},{"id":"e667d1e2-7175-4cfd-b6c8-2a09cbaf7c0a","name":"Island 3","assetId":"423c9506-52f4-4725-b848-69913cce2b00","components":[],"parentId":"dc23454b-9d3c-4c94-b1d2-0448ec28415f","position":[31.59667,-59,-29.8119],"rotation":[-0.62223,0.27344,-0.6413],"scale":[595,595,595],"visualEdit":false,"materialId":"4ce5807c-8b55-4e4e-bb27-9f3bd49fdd18","radius":0.1,"widthSegments":32,"heightSegments":16,"phiLength":90,"thetaLength":90},{"id":"499ce9ae-a7dd-466f-891b-eba0163881e1","name":"Island 4","assetId":"423c9506-52f4-4725-b848-69913cce2b00","components":[],"parentId":"dc23454b-9d3c-4c94-b1d2-0448ec28415f","position":[-27.93038,-59,-99.25518],"rotation":[-0.62223,0.27344,-0.6413],"scale":[595,595,595],"visualEdit":false,"materialId":"4ce5807c-8b55-4e4e-bb27-9f3bd49fdd18","radius":0.1,"widthSegments":32,"heightSegments":16,"phiLength":90,"thetaLength":90},{"id":"9aaaf7c9-14f3-4a24-9379-be98b226c67d","name":"Island 5","assetId":"423c9506-52f4-4725-b848-69913cce2b00","components":[],"parentId":"dc23454b-9d3c-4c94-b1d2-0448ec28415f","position":[9.86053,-59.05119,46.227],"rotation":[-0.62223,0.27344,-0.6413],"scale":[595,595,595],"visualEdit":false,"materialId":"4ce5807c-8b55-4e4e-bb27-9f3bd49fdd18","radius":0.1,"widthSegments":32,"heightSegments":16,"phiLength":90,"thetaLength":90}],"f4efc996-0d50-48fe-9313-3c7b1a5c1754":[{"id":"d0a62885-ebe8-4363-8a84-ccce6a0745c6","name":"Dirt","assetId":"f4efc996-0d50-48fe-9313-3c7b1a5c1754","components":[],"parentId":"dc23454b-9d3c-4c94-b1d2-0448ec28415f","position":[14.15751,1,-49.36071],"rotation":[0,0.80525,0],"scale":[1,1,1],"visualEdit":false,"materialId":"627706ee-f306-42d4-b20b-7c014d5a8912","height":8,"radiusTop":5,"radiusBottom":5.8,"radialSegments":128,"heightSegments":32,"thetaLength":360,"openEnded":true}],"0a0c7c21-d834-4a88-9234-0d9b5cf705f6":[{"id":"0b5e691f-9858-46e1-bdc1-82a2fdf5a4c1","name":"Grass","assetId":"0a0c7c21-d834-4a88-9234-0d9b5cf705f6","components":[],"parentId":"d0a62885-ebe8-4363-8a84-ccce6a0745c6","position":[0,4.01,0],"rotation":[-1.5707988720726032,0.000002648395198648666,-0.8052499999966296],"scale":[1,0.9999999999999999,0.9999999999999999],"visualEdit":false,"materialId":"c07f6deb-84cb-49c8-9e56-13d25e19da30","radius":5.1,"segments":32,"thetaLength":360}]},"systems":{"2c7f5320-0371-4d99-b546-2eb18a343d3f":[{"id":"a862c5b0-ec50-47e9-88b2-ce034bc37f60","name":"Texture Scroller","assetId":"2c7f5320-0371-4d99-b546-2eb18a343d3f","components":[]}],"6329e98a-4311-4457-9198-48d75640f8cc":[{"id":"2d7d48d6-6a52-449f-b1da-2e785e3f85cd","name":"Grabbable System","assetId":"6329e98a-4311-4457-9198-48d75640f8cc","components":[]}]},"textures":{"95f63d4b-06d1-4211-912b-556b6ce7bf5f":[{"id":"b2044c7e-5d80-4726-b42e-b91b5f6786c1","name":"Underwater Current Texture","assetId":"95f63d4b-06d1-4211-912b-556b6ce7bf5f","components":["dd21a79d-82e8-4a65-b751-1efad2ab7eb7"],"colorSpace":"","image":"4603ad73-5435-4640-893c-3d0209feb7d2","wrapS":1000,"wrapT":1000,"repeat":[5,5],"offset":[0,0]},{"id":"df794393-3421-49ed-8c6c-4c6b7415a343","name":"Dirt Texture","assetId":"95f63d4b-06d1-4211-912b-556b6ce7bf5f","components":[],"colorSpace":"srgb","image":"b180f418-89e4-4458-9c9c-c8ecc3af9e59","wrapS":1000,"wrapT":1000,"repeat":[20,10],"offset":[0,0]},{"id":"94de78a5-8449-46d6-aad1-b891e6cd4822","name":"Dirt Displacement Texture","assetId":"95f63d4b-06d1-4211-912b-556b6ce7bf5f","components":[],"colorSpace":"srgb","image":"d14869b3-bdea-4a98-81d0-9f8eaf6c291f","wrapS":1000,"wrapT":1000,"repeat":[20,10],"offset":[0,0]},{"id":"eb93ba89-4f6d-4786-8efe-25fd6a411eed","name":"Grass Texture","assetId":"95f63d4b-06d1-4211-912b-556b6ce7bf5f","components":[],"colorSpace":"srgb","image":"290d6218-69cf-49ee-a993-5ee6c57b526e","wrapS":1000,"wrapT":1000,"repeat":[10,10],"offset":[0,0]},{"id":"d55f98ae-9044-43ca-820a-c56c794ef9cc","name":"Fog Texture","assetId":"95f63d4b-06d1-4211-912b-556b6ce7bf5f","components":["f0e946ea-0ee2-4491-99bc-8f8366c48b14"],"colorSpace":"srgb","image":"4603ad73-5435-4640-893c-3d0209feb7d2","wrapS":1000,"wrapT":1000,"repeat":[1,1],"offset":[0,0]}]},"videos":{},"library":{"d9891de1-914d-4448-9e66-8867211b5dc8":{"Name":"Grabbable","Type":"COMPONENT","Filepath":"assets/d9891de1-914d-4448-9e66-8867211b5dc8/Grabbable"},"a9d2e22f-ddf6-49fe-a420-5fffd5ee69a3":{"Name":"Texture Scroll","Type":"COMPONENT","Filepath":"assets/a9d2e22f-ddf6-49fe-a420-5fffd5ee69a3/Texture Scroll"},"1b67a2a6-0049-4074-8b37-0c65010909ad":{"Name":"Device Specific Text","Type":"CUSTOM_ASSET","Filepath":"assets/1b67a2a6-0049-4074-8b37-0c65010909ad/Device Specific Text"},"270aff2d-3706-4b36-bc36-c13c974d819f":{"Name":"Text","Type":"CUSTOM_ASSET","Filepath":"assets/270aff2d-3706-4b36-bc36-c13c974d819f/Text"},"2c7f5320-0371-4d99-b546-2eb18a343d3f":{"Name":"Texture Scroller","Type":"SYSTEM","Filepath":"assets/2c7f5320-0371-4d99-b546-2eb18a343d3f/Texture Scroller"},"6329e98a-4311-4457-9198-48d75640f8cc":{"Name":"Grabbable System","Type":"SYSTEM","Filepath":"assets/6329e98a-4311-4457-9198-48d75640f8cc/Grabbable System"},"b180f418-89e4-4458-9c9c-c8ecc3af9e59":{"Name":"dirt.jpg","Type":"IMAGE","Filepath":"assets/b180f418-89e4-4458-9c9c-c8ecc3af9e59/dirt.jpg"},"d14869b3-bdea-4a98-81d0-9f8eaf6c291f":{"Name":"dirt displacement map.jpg","Type":"IMAGE","Filepath":"assets/d14869b3-bdea-4a98-81d0-9f8eaf6c291f/dirt displacement map.jpg"},"5ff5133d-1acb-4325-aea8-7279864f96f3":{"Name":"skybox down.jpg","Type":"IMAGE","Filepath":"assets/5ff5133d-1acb-4325-aea8-7279864f96f3/skybox down.jpg"},"b02d649a-b6ec-454b-8e8f-8561f0dadebc":{"Name":"Water","Type":"CUSTOM_ASSET","Filepath":"assets/b02d649a-b6ec-454b-8e8f-8561f0dadebc/Water"},"ad7b6a19-f89c-4206-938c-ecc513cb7cd5":{"Name":"Frame 11.png","Type":"IMAGE","Filepath":"assets/ad7b6a19-f89c-4206-938c-ecc513cb7cd5/Frame 11.png"},"4603ad73-5435-4640-893c-3d0209feb7d2":{"Name":"Water Ripples Bump Map.jpg","Type":"IMAGE","Filepath":"assets/4603ad73-5435-4640-893c-3d0209feb7d2/Water Ripples Bump Map.jpg"},"c75f14a2-4b1c-42ea-8583-3341f191293b":{"Name":"skybox back.jpg","Type":"IMAGE","Filepath":"assets/c75f14a2-4b1c-42ea-8583-3341f191293b/skybox back.jpg"},"921c16ff-4a50-4b77-914f-583f89c710a0":{"Name":"Low Poly Dock Bridge","Type":"MODEL","SketchfabID":"f86c8863925c44b1a41170625cb1161d","Filepath":"assets/921c16ff-4a50-4b77-914f-583f89c710a0/Low Poly Dock Bridge"},"16271986-ac59-4494-b58c-b0ed5e2840ab":{"Name":"skybox left.jpg","Type":"IMAGE","Filepath":"assets/16271986-ac59-4494-b58c-b0ed5e2840ab/skybox left.jpg"},"41207b48-296c-4a80-b9ba-7d2d8b9eb861":{"Name":"skybox up.jpg","Type":"IMAGE","Filepath":"assets/41207b48-296c-4a80-b9ba-7d2d8b9eb861/skybox up.jpg"},"b6a075e6-33e8-4647-8f1b-7e7adaeed60b":{"Name":"skybox right.jpg","Type":"IMAGE","Filepath":"assets/b6a075e6-33e8-4647-8f1b-7e7adaeed60b/skybox right.jpg"},"630312ea-e637-4559-ae10-8ec1ccb13ae7":{"Name":"skybox front.jpg","Type":"IMAGE","Filepath":"assets/630312ea-e637-4559-ae10-8ec1ccb13ae7/skybox front.jpg"},"290d6218-69cf-49ee-a993-5ee6c57b526e":{"Name":"grass.jpg","Type":"IMAGE","Filepath":"assets/290d6218-69cf-49ee-a993-5ee6c57b526e/grass.jpg"},"1b576162-483a-4738-a063-6a7530780a41":{"Name":"Stylized Palm Tree","Type":"MODEL","SketchfabID":"22c3a3d3fb7146cfa22850fa31390e5d","Filepath":"assets/1b576162-483a-4738-a063-6a7530780a41/Stylized Palm Tree"},"5f93a05b-c3a9-46c7-a24b-ef72a03fd302":{"Name":"Frame 18.png","Type":"IMAGE","Filepath":"assets/5f93a05b-c3a9-46c7-a24b-ef72a03fd302/Frame 18.png"},"17d9768b-747a-4eab-a4c9-1b91ba43fdf6":{"Name":"9.png","Type":"IMAGE","Filepath":"assets/17d9768b-747a-4eab-a4c9-1b91ba43fdf6/9.png"},"b8376914-49cd-46aa-ba9a-b698b0e18652":{"Name":"Frame 395.png","Type":"IMAGE","Filepath":"assets/b8376914-49cd-46aa-ba9a-b698b0e18652/Frame 395.png"},"58b91f25-1379-4684-b5c5-44c7b2ec1898":{"Name":"photo_5838345029561724666_x.jpg","Type":"IMAGE","Filepath":"assets/58b91f25-1379-4684-b5c5-44c7b2ec1898/photo_5838345029561724666_x.jpg"},"1e7773a1-85d3-4b24-8d43-6cea31a70c94":{"Name":"Image.jpg","Type":"IMAGE","Filepath":"assets/1e7773a1-85d3-4b24-8d43-6cea31a70c94/Image.jpg"},"07acacf2-5276-4b97-94df-ce3c09b82c42":{"Name":"Image.png","Type":"IMAGE","Filepath":"assets/07acacf2-5276-4b97-94df-ce3c09b82c42/Image.png"},"6d4295ca-530b-4926-910a-52d16adf9aa8":{"Name":"uploads_files_3829098_SAKURA_2.0.glb","Type":"MODEL","Filepath":"assets/6d4295ca-530b-4926-910a-52d16adf9aa8/uploads_files_3829098_SAKURA_2.0.glb"},"9eab9347-8334-4796-a3e4-860719b4e9d5":{"Name":"uploads_files_4874725_glass+dog+balloon.glb","Type":"MODEL","Filepath":"assets/9eab9347-8334-4796-a3e4-860719b4e9d5/uploads_files_4874725_glass+dog+balloon.glb"}}}